{"cameraMode":{"drawMode":0,"name":"Shaded","section":"Shading Mode"},"sceneLighting":false,"audioPlay":false,"sceneViewState":{"showFog":true,"showMaterialUpdate":false,"showSkybox":true,"showFlares":true,"showImageEffects":true,"showParticleSystems":true},"in2DMode":false,"pivot":{"x":0.020139694213867189,"y":4.850948333740234,"z":-2.6362953186035158},"rotation":{"x":-0.1362890750169754,"y":0.7695714831352234,"z":-0.1751721203327179,"w":-0.5987485647201538},"size":44.045570373535159,"orthographic":false}