{"cameraMode":{"drawMode":0,"name":"Shaded","section":"Shading Mode"},"sceneLighting":true,"audioPlay":false,"sceneViewState":{"showFog":true,"showMaterialUpdate":false,"showSkybox":true,"showFlares":true,"showImageEffects":true,"showParticleSystems":true},"in2DMode":false,"pivot":{"x":-1.695462942123413,"y":2.3075814247131349,"z":-22.908702850341798},"rotation":{"x":-0.06274905800819397,"y":0.9332833290100098,"z":-0.2905501425266266,"w":-0.2015577256679535},"size":263.7153625488281,"orthographic":false}