{"cameraMode":{"drawMode":0,"name":"Shaded","section":"Shading Mode"},"sceneLighting":false,"audioPlay":false,"sceneViewState":{"showFog":false,"showMaterialUpdate":false,"showSkybox":false,"showFlares":false,"showImageEffects":false,"showParticleSystems":false},"in2DMode":false,"pivot":{"x":0.05378246307373047,"y":0.0973958969116211,"z":-0.06956152617931366},"rotation":{"x":-0.3396417796611786,"y":0.6167542338371277,"z":-0.33438387513160708,"w":-0.6264542937278748},"size":1.4079153537750245,"orthographic":false}