{"cameraMode":{"drawMode":0,"name":"Shaded","section":"Shading Mode"},"sceneLighting":false,"audioPlay":false,"sceneViewState":{"showFog":false,"showMaterialUpdate":false,"showSkybox":false,"showFlares":false,"showImageEffects":false,"showParticleSystems":false},"in2DMode":false,"pivot":{"x":5.066394805908203e-7,"y":0.038681503385305408,"z":0.0},"rotation":{"x":0.2337728589773178,"y":-0.6211520433425903,"z":0.20158500969409944,"w":0.7203360199928284},"size":1.6384222507476807,"orthographic":false}