{"cameraMode":{"drawMode":0,"name":"Shaded","section":"Shading Mode"},"sceneLighting":false,"audioPlay":false,"sceneViewState":{"showFog":false,"showMaterialUpdate":false,"showSkybox":false,"showFlares":false,"showImageEffects":false,"showParticleSystems":false},"in2DMode":false,"pivot":{"x":-0.054898492991924289,"y":0.008666835725307465,"z":-0.0008937595994211733},"rotation":{"x":0.16222041845321656,"y":-0.8285600543022156,"z":0.30508729815483096,"w":0.4405616819858551},"size":1.053723931312561,"orthographic":false}