{"cameraMode":{"drawMode":0,"name":"Shaded","section":"Shading Mode"},"sceneLighting":false,"audioPlay":false,"sceneViewState":{"showFog":false,"showMaterialUpdate":false,"showSkybox":false,"showFlares":false,"showImageEffects":false,"showParticleSystems":false},"in2DMode":false,"pivot":{"x":-0.01003064215183258,"y":0.10951496660709381,"z":0.0},"rotation":{"x":-0.22930099070072175,"y":0.6367826461791992,"z":-0.20665697753429414,"w":-0.7065563201904297},"size":1.5087950229644776,"orthographic":false}