{"cameraMode":{"drawMode":0,"name":"Shaded","section":"Shading Mode"},"sceneLighting":false,"audioPlay":false,"sceneViewState":{"showFog":false,"showMaterialUpdate":false,"showSkybox":false,"showFlares":false,"showImageEffects":false,"showParticleSystems":false},"in2DMode":false,"pivot":{"x":0.08347797393798828,"y":-0.2101985514163971,"z":-0.1307690590620041},"rotation":{"x":0.18396954238414765,"y":0.8156246542930603,"z":-0.4018768072128296,"w":0.3733718693256378},"size":0.8101887106895447,"orthographic":false}