{"cameraMode":{"drawMode":0,"name":"Shaded","section":"Shading Mode"},"sceneLighting":false,"audioPlay":false,"sceneViewState":{"showFog":false,"showMaterialUpdate":false,"showSkybox":false,"showFlares":false,"showImageEffects":false,"showParticleSystems":false},"in2DMode":false,"pivot":{"x":-0.022279944270849229,"y":0.05640747770667076,"z":-0.0013792735990136862},"rotation":{"x":0.04948200657963753,"y":-0.928733766078949,"z":0.34197327494621279,"w":0.13438497483730317},"size":1.114547610282898,"orthographic":false}