{"cameraMode":{"drawMode":0,"name":"Shaded","section":"Shading Mode"},"sceneLighting":false,"audioPlay":false,"sceneViewState":{"showFog":false,"showMaterialUpdate":false,"showSkybox":false,"showFlares":false,"showImageEffects":false,"showParticleSystems":false},"in2DMode":false,"pivot":{"x":0.05016323924064636,"y":0.02307799458503723,"z":-0.007030844688415527},"rotation":{"x":0.3370719850063324,"y":-0.004798712208867073,"z":0.0017178668640553952,"w":0.9414651393890381},"size":0.648393988609314,"orthographic":false}