{"cameraMode":{"drawMode":0,"name":"Shaded","section":"Shading Mode"},"sceneLighting":false,"audioPlay":false,"sceneViewState":{"showFog":false,"showMaterialUpdate":false,"showSkybox":false,"showFlares":false,"showImageEffects":false,"showParticleSystems":false},"in2DMode":false,"pivot":{"x":0.04574568197131157,"y":0.1033657118678093,"z":0.0},"rotation":{"x":-0.11672402173280716,"y":-0.8490203619003296,"z":0.21075066924095155,"w":-0.4702383875846863},"size":0.45362433791160586,"orthographic":false}