{"cameraMode":{"drawMode":0,"name":"Shaded","section":"Shading Mode"},"sceneLighting":false,"audioPlay":false,"sceneViewState":{"showFog":false,"showMaterialUpdate":false,"showSkybox":false,"showFlares":false,"showImageEffects":false,"showParticleSystems":false},"in2DMode":false,"pivot":{"x":-0.19158673286437989,"y":0.2658274173736572,"z":-0.03710571676492691},"rotation":{"x":-0.14861780405044557,"y":0.8249611258506775,"z":-0.25411397218704226,"w":-0.48247069120407107},"size":1.8337318897247315,"orthographic":false}