{"cameraMode":{"drawMode":0,"name":"Shaded","section":"Shading Mode"},"sceneLighting":false,"audioPlay":false,"sceneViewState":{"showFog":false,"showMaterialUpdate":false,"showSkybox":false,"showFlares":false,"showImageEffects":false,"showParticleSystems":false},"in2DMode":false,"pivot":{"x":0.03858998417854309,"y":0.10482093691825867,"z":-0.005859375},"rotation":{"x":-0.15878328680992127,"y":0.815679132938385,"z":-0.2647148370742798,"w":-0.4892662465572357},"size":1.1734119653701783,"orthographic":false}