{"cameraMode":{"drawMode":0,"name":"Shaded","section":"Shading Mode"},"sceneLighting":false,"audioPlay":false,"sceneViewState":{"showFog":false,"showMaterialUpdate":false,"showSkybox":false,"showFlares":false,"showImageEffects":false,"showParticleSystems":false},"in2DMode":false,"pivot":{"x":-0.36120718717575076,"y":-0.09966784715652466,"z":0.01398766040802002},"rotation":{"x":-0.28307265043258669,"y":0.6336560845375061,"z":-0.2685104310512543,"w":-0.6680209636688232},"size":1.4340025186538697,"orthographic":false}