{"cameraMode":{"drawMode":0,"name":"Shaded","section":"Shading Mode"},"sceneLighting":false,"audioPlay":false,"sceneViewState":{"showFog":false,"showMaterialUpdate":false,"showSkybox":false,"showFlares":false,"showImageEffects":false,"showParticleSystems":false},"in2DMode":false,"pivot":{"x":0.10185034573078156,"y":0.07276840507984162,"z":-0.01838316023349762},"rotation":{"x":-0.39412909746170046,"y":0.5349463820457459,"z":-0.3100736439228058,"w":-0.6799624562263489},"size":0.5829243659973145,"orthographic":false}