{"cameraMode":{"drawMode":0,"name":"Shaded","section":"Shading Mode"},"sceneLighting":false,"audioPlay":false,"sceneViewState":{"showFog":false,"showMaterialUpdate":false,"showSkybox":false,"showFlares":false,"showImageEffects":false,"showParticleSystems":false},"in2DMode":false,"pivot":{"x":0.027345765382051469,"y":0.09534666687250138,"z":-0.0019041439518332482},"rotation":{"x":-0.0981433168053627,"y":-0.8995768427848816,"z":0.3327719569206238,"w":-0.2653152644634247},"size":1.1853762865066529,"orthographic":false}