{"cameraMode":{"drawMode":0,"name":"Shaded","section":"Shading Mode"},"sceneLighting":false,"audioPlay":false,"sceneViewState":{"showFog":false,"showMaterialUpdate":false,"showSkybox":false,"showFlares":false,"showImageEffects":false,"showParticleSystems":false},"in2DMode":false,"pivot":{"x":-0.1726507842540741,"y":-0.3021794557571411,"z":0.043096669018268588},"rotation":{"x":0.38064706325531008,"y":-0.5879205465316773,"z":0.36476653814315798,"w":0.613516628742218},"size":1.032416582107544,"orthographic":false}