{"cameraMode":{"drawMode":0,"name":"Shaded","section":"Shading Mode"},"sceneLighting":false,"audioPlay":false,"sceneViewState":{"showFog":false,"showMaterialUpdate":false,"showSkybox":false,"showFlares":false,"showImageEffects":false,"showParticleSystems":false},"in2DMode":false,"pivot":{"x":-1.4177781343460084,"y":2.071892023086548,"z":6.587125778198242},"rotation":{"x":-0.038181107491254809,"y":0.6668083667755127,"z":-0.03424268215894699,"w":-0.7434623837471008},"size":1.0539284944534302,"orthographic":false}