{"cameraMode":{"drawMode":0,"name":"Shaded","section":"Shading Mode"},"sceneLighting":false,"audioPlay":false,"sceneViewState":{"showFog":false,"showMaterialUpdate":false,"showSkybox":false,"showFlares":false,"showImageEffects":false,"showParticleSystems":false},"in2DMode":false,"pivot":{"x":0.01623382233083248,"y":-0.06147506833076477,"z":0.001198352430947125},"rotation":{"x":0.1610364019870758,"y":-0.8384854793548584,"z":0.35234367847442629,"w":0.38322752714157107},"size":0.4946543276309967,"orthographic":false}