{"cameraMode":{"drawMode":0,"name":"Shaded","section":"Shading Mode"},"sceneLighting":false,"audioPlay":false,"sceneViewState":{"showFog":false,"showMaterialUpdate":false,"showSkybox":false,"showFlares":false,"showImageEffects":false,"showParticleSystems":false},"in2DMode":false,"pivot":{"x":0.003965556621551514,"y":0.1058487594127655,"z":0.0006519854068756104},"rotation":{"x":0.15543422102928163,"y":0.844491720199585,"z":-0.3683586120605469,"w":0.356350839138031},"size":0.7091751098632813,"orthographic":false}