{"cameraMode":{"drawMode":0,"name":"Shaded","section":"Shading Mode"},"sceneLighting":false,"audioPlay":false,"sceneViewState":{"showFog":false,"showMaterialUpdate":false,"showSkybox":false,"showFlares":false,"showImageEffects":false,"showParticleSystems":false},"in2DMode":false,"pivot":{"x":5.066394805908203e-7,"y":0.03728961944580078,"z":0.0},"rotation":{"x":0.07601466029882431,"y":-0.9105492830276489,"z":0.35716521739959719,"w":0.1937902867794037},"size":1.637771487236023,"orthographic":false}