{"cameraMode":{"drawMode":0,"name":"Shaded","section":"Shading Mode"},"sceneLighting":false,"audioPlay":false,"sceneViewState":{"showFog":false,"showMaterialUpdate":false,"showSkybox":false,"showFlares":false,"showImageEffects":false,"showParticleSystems":false},"in2DMode":false,"pivot":{"x":-0.3819345235824585,"y":0.008829951286315918,"z":0.0008188597857952118},"rotation":{"x":0.15020699799060822,"y":-0.6976357698440552,"z":0.15330283343791963,"w":0.6835498809814453},"size":1.2510281801223755,"orthographic":false}