{"cameraMode":{"drawMode":0,"name":"Shaded","section":"Shading Mode"},"sceneLighting":false,"audioPlay":false,"sceneViewState":{"showFog":false,"showMaterialUpdate":false,"showSkybox":false,"showFlares":false,"showImageEffects":false,"showParticleSystems":false},"in2DMode":false,"pivot":{"x":0.0,"y":0.15669864416122437,"z":-0.06309682130813599},"rotation":{"x":-0.038181107491254809,"y":0.6668083667755127,"z":-0.03424268215894699,"w":-0.7434623837471008},"size":1.44367516040802,"orthographic":false}