{"cameraMode":{"drawMode":0,"name":"Shaded","section":"Shading Mode"},"sceneLighting":false,"audioPlay":false,"sceneViewState":{"showFog":false,"showMaterialUpdate":false,"showSkybox":false,"showFlares":false,"showImageEffects":false,"showParticleSystems":false},"in2DMode":false,"pivot":{"x":-0.42521002888679507,"y":0.15430836379528047,"z":-0.006607400253415108},"rotation":{"x":0.08897526562213898,"y":-0.8206592798233032,"z":0.13311795890331269,"w":0.5485265254974365},"size":1.3058924674987794,"orthographic":false}