{"cameraMode":{"drawMode":0,"name":"Shaded","section":"Shading Mode"},"sceneLighting":false,"audioPlay":false,"sceneViewState":{"showFog":false,"showMaterialUpdate":false,"showSkybox":false,"showFlares":false,"showImageEffects":false,"showParticleSystems":false},"in2DMode":false,"pivot":{"x":-0.13092222809791566,"y":0.035325899720191959,"z":0.030859898775815965},"rotation":{"x":-0.045222360640764239,"y":-0.8616437911987305,"z":0.4994378685951233,"w":-0.07801865041255951},"size":0.8608461022377014,"orthographic":false}