{"cameraMode":{"drawMode":0,"name":"Shaded","section":"Shading Mode"},"sceneLighting":false,"audioPlay":false,"sceneViewState":{"showFog":false,"showMaterialUpdate":false,"showSkybox":false,"showFlares":false,"showImageEffects":false,"showParticleSystems":false},"in2DMode":false,"pivot":{"x":0.1003229022026062,"y":-0.00977637991309166,"z":0.10888671875},"rotation":{"x":-0.1562529355287552,"y":0.8391998410224915,"z":-0.31761255860328677,"w":-0.41285696625709536},"size":1.556610345840454,"orthographic":false}