{"cameraMode":{"drawMode":0,"name":"Shaded","section":"Shading Mode"},"sceneLighting":false,"audioPlay":false,"sceneViewState":{"showFog":false,"showMaterialUpdate":false,"showSkybox":false,"showFlares":false,"showImageEffects":false,"showParticleSystems":false},"in2DMode":false,"pivot":{"x":0.07105313986539841,"y":0.16732384264469148,"z":0.0},"rotation":{"x":0.08674398809671402,"y":-0.9120748043060303,"z":0.3066205382347107,"w":0.25802913308143618},"size":1.0023618936538697,"orthographic":false}