{"cameraMode":{"drawMode":0,"name":"Shaded","section":"Shading Mode"},"sceneLighting":false,"audioPlay":false,"sceneViewState":{"showFog":false,"showMaterialUpdate":false,"showSkybox":false,"showFlares":false,"showImageEffects":false,"showParticleSystems":false},"in2DMode":false,"pivot":{"x":0.5896379947662354,"y":1.025825023651123,"z":6.337176322937012},"rotation":{"x":-0.08712403476238251,"y":-0.04123327136039734,"z":0.0036092489026486875,"w":-0.9953372478485107},"size":4.855065822601318,"orthographic":false}