{"cameraMode":{"drawMode":0,"name":"Shaded","section":"Shading Mode"},"sceneLighting":false,"audioPlay":false,"sceneViewState":{"showFog":false,"showMaterialUpdate":false,"showSkybox":false,"showFlares":false,"showImageEffects":false,"showParticleSystems":false},"in2DMode":false,"pivot":{"x":-0.09361008554697037,"y":0.018320027738809587,"z":0.0102648064494133},"rotation":{"x":-0.43934738636016848,"y":-0.3506501019001007,"z":0.19147434830665589,"w":-0.8045843243598938},"size":1.1425185203552247,"orthographic":false}