{"cameraMode":{"drawMode":0,"name":"Shaded","section":"Shading Mode"},"sceneLighting":false,"audioPlay":false,"sceneViewState":{"showFog":false,"showMaterialUpdate":false,"showSkybox":false,"showFlares":false,"showImageEffects":false,"showParticleSystems":false},"in2DMode":false,"pivot":{"x":-0.12832015752792359,"y":0.10293465852737427,"z":-0.002663752529770136},"rotation":{"x":-0.1958695948123932,"y":0.8032733201980591,"z":-0.3765074610710144,"w":-0.4178866147994995},"size":1.144801139831543,"orthographic":false}