{"cameraMode":{"drawMode":0,"name":"Shaded","section":"Shading Mode"},"sceneLighting":false,"audioPlay":false,"sceneViewState":{"showFog":false,"showMaterialUpdate":false,"showSkybox":false,"showFlares":false,"showImageEffects":false,"showParticleSystems":false},"in2DMode":false,"pivot":{"x":3.0547380447387697e-7,"y":0.04875040799379349,"z":0.0},"rotation":{"x":-0.038181107491254809,"y":0.6668083667755127,"z":-0.03424268215894699,"w":-0.7434623837471008},"size":0.5687593817710877,"orthographic":false}