{"cameraMode":{"drawMode":0,"name":"Shaded","section":"Shading Mode"},"sceneLighting":false,"audioPlay":false,"sceneViewState":{"showFog":false,"showMaterialUpdate":false,"showSkybox":false,"showFlares":false,"showImageEffects":false,"showParticleSystems":false},"in2DMode":false,"pivot":{"x":-0.01100565493106842,"y":-0.025583475828170778,"z":-0.04909687489271164},"rotation":{"x":-0.1610364019870758,"y":0.8384854793548584,"z":-0.3523435890674591,"w":-0.38322752714157107},"size":1.0010569095611573,"orthographic":false}