{"cameraMode":{"drawMode":0,"name":"Shaded","section":"Shading Mode"},"sceneLighting":false,"audioPlay":false,"sceneViewState":{"showFog":false,"showMaterialUpdate":false,"showSkybox":false,"showFlares":false,"showImageEffects":false,"showParticleSystems":false},"in2DMode":false,"pivot":{"x":-0.024944322183728219,"y":0.09320651739835739,"z":-0.0036475425586104395},"rotation":{"x":-0.0981433093547821,"y":-0.8995768427848816,"z":0.3327719271183014,"w":-0.2653152346611023},"size":0.9251489043235779,"orthographic":false}