{"cameraMode":{"drawMode":0,"name":"Shaded","section":"Shading Mode"},"sceneLighting":false,"audioPlay":false,"sceneViewState":{"showFog":false,"showMaterialUpdate":false,"showSkybox":false,"showFlares":false,"showImageEffects":false,"showParticleSystems":false},"in2DMode":false,"pivot":{"x":-0.20873194932937623,"y":0.3945019245147705,"z":0.26892513036727908},"rotation":{"x":-0.2053491622209549,"y":-0.7930275797843933,"z":0.3760667145252228,"w":-0.43302738666534426},"size":0.6683884859085083,"orthographic":false}