{"cameraMode":{"drawMode":0,"name":"Shaded","section":"Shading Mode"},"sceneLighting":false,"audioPlay":false,"sceneViewState":{"showFog":false,"showMaterialUpdate":false,"showSkybox":false,"showFlares":false,"showImageEffects":false,"showParticleSystems":false},"in2DMode":false,"pivot":{"x":526.932861328125,"y":1163.4627685546875,"z":-114.18144226074219},"rotation":{"x":0.09680340439081192,"y":-0.250405490398407,"z":-0.02517261728644371,"w":-0.9629603624343872},"size":212.59034729003907,"orthographic":false}