{"cameraMode":{"drawMode":0,"name":"Shaded","section":"Shading Mode"},"sceneLighting":false,"audioPlay":false,"sceneViewState":{"showFog":false,"showMaterialUpdate":false,"showSkybox":false,"showFlares":false,"showImageEffects":false,"showParticleSystems":false},"in2DMode":false,"pivot":{"x":-0.04041557013988495,"y":0.03118642419576645,"z":-0.0008962490828707814},"rotation":{"x":-0.19177329540252686,"y":0.8051164746284485,"z":-0.35550379753112795,"w":-0.4343125820159912},"size":1.0612339973449708,"orthographic":false}