{"cameraMode":{"drawMode":0,"name":"Shaded","section":"Shading Mode"},"sceneLighting":false,"audioPlay":false,"sceneViewState":{"showFog":false,"showMaterialUpdate":false,"showSkybox":false,"showFlares":false,"showImageEffects":false,"showParticleSystems":false},"in2DMode":false,"pivot":{"x":0.0013919174671173096,"y":0.05369490012526512,"z":-0.0072945356369018559},"rotation":{"x":0.27852457761764529,"y":-0.7204900979995728,"z":0.4263278841972351,"w":0.47070443630218508},"size":1.4258021116256714,"orthographic":false}