{"cameraMode":{"drawMode":0,"name":"Shaded","section":"Shading Mode"},"sceneLighting":false,"audioPlay":false,"sceneViewState":{"showFog":false,"showMaterialUpdate":false,"showSkybox":false,"showFlares":false,"showImageEffects":false,"showParticleSystems":false},"in2DMode":false,"pivot":{"x":0.0872955322265625,"y":0.0852431058883667,"z":0.1264725625514984},"rotation":{"x":-0.38128337264060976,"y":0.6178084015846252,"z":-0.5071110725402832,"w":-0.46451497077941897},"size":1.2016515731811524,"orthographic":false}