{"cameraMode":{"drawMode":0,"name":"Shaded","section":"Shading Mode"},"sceneLighting":false,"audioPlay":false,"sceneViewState":{"showFog":false,"showMaterialUpdate":false,"showSkybox":false,"showFlares":false,"showImageEffects":false,"showParticleSystems":false},"in2DMode":false,"pivot":{"x":6.904836177825928,"y":0.5829670429229736,"z":2.434025526046753},"rotation":{"x":-0.08712403476238251,"y":-0.04123327136039734,"z":0.0036092489026486875,"w":-0.9953372478485107},"size":2.6268506050109865,"orthographic":false}