{"cameraMode":{"drawMode":0,"name":"Shaded","section":"Shading Mode"},"sceneLighting":false,"audioPlay":false,"sceneViewState":{"showFog":false,"showMaterialUpdate":false,"showSkybox":false,"showFlares":false,"showImageEffects":false,"showParticleSystems":false},"in2DMode":false,"pivot":{"x":-0.11417827010154724,"y":0.06670105457305908,"z":0.004929184913635254},"rotation":{"x":-0.1610364019870758,"y":0.8384854793548584,"z":-0.3523436188697815,"w":-0.38322752714157107},"size":1.0952919721603394,"orthographic":false}