{"cameraMode":{"drawMode":0,"name":"Shaded","section":"Shading Mode"},"sceneLighting":false,"audioPlay":false,"sceneViewState":{"showFog":false,"showMaterialUpdate":false,"showSkybox":false,"showFlares":false,"showImageEffects":false,"showParticleSystems":false},"in2DMode":false,"pivot":{"x":0.034027665853500369,"y":0.13239914178848267,"z":0.08620099723339081},"rotation":{"x":-0.2053491622209549,"y":-0.7930275797843933,"z":0.3760667145252228,"w":-0.4330274164676666},"size":0.9683883786201477,"orthographic":false}