{"cameraMode":{"drawMode":0,"name":"Shaded","section":"Shading Mode"},"sceneLighting":false,"audioPlay":false,"sceneViewState":{"showFog":false,"showMaterialUpdate":false,"showSkybox":false,"showFlares":false,"showImageEffects":false,"showParticleSystems":false},"in2DMode":false,"pivot":{"x":-0.18661808967590333,"y":-0.338721364736557,"z":0.16655078530311585},"rotation":{"x":0.35448378324508669,"y":-0.3907632827758789,"z":0.16627700626850129,"w":0.8330649733543396},"size":1.1108691692352296,"orthographic":false}