{"cameraMode":{"drawMode":0,"name":"Shaded","section":"Shading Mode"},"sceneLighting":false,"audioPlay":false,"sceneViewState":{"showFog":false,"showMaterialUpdate":false,"showSkybox":false,"showFlares":false,"showImageEffects":false,"showParticleSystems":false},"in2DMode":false,"pivot":{"x":-0.1682470142841339,"y":0.029666125774383546,"z":0.004761338233947754},"rotation":{"x":-0.1610364019870758,"y":0.8384854793548584,"z":-0.3523436486721039,"w":-0.38322752714157107},"size":1.1426283121109009,"orthographic":false}