{"cameraMode":{"drawMode":0,"name":"Shaded","section":"Shading Mode"},"sceneLighting":false,"audioPlay":false,"sceneViewState":{"showFog":false,"showMaterialUpdate":false,"showSkybox":false,"showFlares":false,"showImageEffects":false,"showParticleSystems":false},"in2DMode":false,"pivot":{"x":7.450580596923828e-9,"y":0.10057706385850907,"z":0.0},"rotation":{"x":-0.14451833069324494,"y":-0.8528894782066345,"z":0.31695660948753359,"w":-0.38888636231422427},"size":0.7113539576530457,"orthographic":false}