{"cameraMode":{"drawMode":0,"name":"Shaded","section":"Shading Mode"},"sceneLighting":false,"audioPlay":false,"sceneViewState":{"showFog":false,"showMaterialUpdate":false,"showSkybox":false,"showFlares":false,"showImageEffects":false,"showParticleSystems":false},"in2DMode":false,"pivot":{"x":6.863437652587891,"y":1.1823692321777344,"z":-5.045841693878174},"rotation":{"x":-0.08712403476238251,"y":-0.04123327136039734,"z":0.0036092489026486875,"w":-0.9953372478485107},"size":1.53830885887146,"orthographic":false}