{"cameraMode":{"drawMode":0,"name":"Shaded","section":"Shading Mode"},"sceneLighting":false,"audioPlay":false,"sceneViewState":{"showFog":false,"showMaterialUpdate":false,"showSkybox":false,"showFlares":false,"showImageEffects":false,"showParticleSystems":false},"in2DMode":false,"pivot":{"x":-0.0026856213808059694,"y":-0.007473748177289963,"z":0.06399767845869065},"rotation":{"x":0.2890026569366455,"y":-0.2233370989561081,"z":0.06952952593564987,"w":0.9283123016357422},"size":0.3236432671546936,"orthographic":false}