{"cameraMode":{"drawMode":0,"name":"Shaded","section":"Shading Mode"},"sceneLighting":false,"audioPlay":false,"sceneViewState":{"showFog":false,"showMaterialUpdate":false,"showSkybox":false,"showFlares":false,"showImageEffects":false,"showParticleSystems":false},"in2DMode":false,"pivot":{"x":0.0011599361896514893,"y":0.13025200366973878,"z":-0.021544992923736573},"rotation":{"x":-0.1890554428100586,"y":0.8000279664993286,"z":-0.3221500813961029,"w":-0.4695024788379669},"size":1.2687712907791138,"orthographic":false}