{"cameraMode":{"drawMode":0,"name":"Shaded","section":"Shading Mode"},"sceneLighting":false,"audioPlay":false,"sceneViewState":{"showFog":false,"showMaterialUpdate":false,"showSkybox":false,"showFlares":false,"showImageEffects":false,"showParticleSystems":false},"in2DMode":false,"pivot":{"x":-0.11712537705898285,"y":0.08901198208332062,"z":0.11026041954755783},"rotation":{"x":0.07161779701709748,"y":-0.8597620129585266,"z":0.48976945877075198,"w":0.12572182714939118},"size":0.7724950909614563,"orthographic":false}