{"cameraMode":{"drawMode":0,"name":"Shaded","section":"Shading Mode"},"sceneLighting":false,"audioPlay":false,"sceneViewState":{"showFog":false,"showMaterialUpdate":false,"showSkybox":false,"showFlares":false,"showImageEffects":false,"showParticleSystems":false},"in2DMode":false,"pivot":{"x":0.023597538471221925,"y":0.10172116756439209,"z":-0.01685062050819397},"rotation":{"x":-0.1403091996908188,"y":0.8554249405860901,"z":-0.30337536334991457,"w":-0.3956322968006134},"size":1.0818631649017335,"orthographic":false}