{"cameraMode":{"drawMode":0,"name":"Shaded","section":"Shading Mode"},"sceneLighting":false,"audioPlay":false,"sceneViewState":{"showFog":false,"showMaterialUpdate":false,"showSkybox":false,"showFlares":false,"showImageEffects":false,"showParticleSystems":false},"in2DMode":false,"pivot":{"x":-0.09826689958572388,"y":0.07909882813692093,"z":-0.0019305923487991095},"rotation":{"x":0.08042780309915543,"y":-0.9174343943595886,"z":0.24092432856559754,"w":0.3062695562839508},"size":1.1895371675491334,"orthographic":false}