{"cameraMode":{"drawMode":0,"name":"Shaded","section":"Shading Mode"},"sceneLighting":false,"audioPlay":false,"sceneViewState":{"showFog":false,"showMaterialUpdate":false,"showSkybox":false,"showFlares":false,"showImageEffects":false,"showParticleSystems":false},"in2DMode":false,"pivot":{"x":6.109476089477539e-7,"y":0.07007414102554321,"z":0.0},"rotation":{"x":-0.12891091406345368,"y":0.024389253929257394,"z":-0.0031715312507003547,"w":-0.9913511872291565},"size":0.39788681268692019,"orthographic":false}