{"cameraMode":{"drawMode":0,"name":"Shaded","section":"Shading Mode"},"sceneLighting":false,"audioPlay":false,"sceneViewState":{"showFog":false,"showMaterialUpdate":false,"showSkybox":false,"showFlares":false,"showImageEffects":false,"showParticleSystems":false},"in2DMode":false,"pivot":{"x":-0.06766724586486817,"y":-0.008204817771911621,"z":0.013802774250507355},"rotation":{"x":-0.2450217753648758,"y":0.6937010288238525,"z":-0.2745105028152466,"w":-0.6191827058792114},"size":0.8098106980323792,"orthographic":false}