{"cameraMode":{"drawMode":0,"name":"Shaded","section":"Shading Mode"},"sceneLighting":false,"audioPlay":false,"sceneViewState":{"showFog":false,"showMaterialUpdate":false,"showSkybox":false,"showFlares":false,"showImageEffects":false,"showParticleSystems":false},"in2DMode":false,"pivot":{"x":-0.05744852498173714,"y":0.28749555349349978,"z":-0.002589902374893427},"rotation":{"x":0.04948200657963753,"y":-0.928733766078949,"z":0.34197327494621279,"w":0.13438497483730317},"size":1.5979255437850953,"orthographic":false}