{"cameraMode":{"drawMode":0,"name":"Shaded","section":"Shading Mode"},"sceneLighting":false,"audioPlay":false,"sceneViewState":{"showFog":false,"showMaterialUpdate":false,"showSkybox":false,"showFlares":false,"showImageEffects":false,"showParticleSystems":false},"in2DMode":false,"pivot":{"x":-0.1884702742099762,"y":0.07531151920557022,"z":-0.005473854951560497},"rotation":{"x":0.2592010796070099,"y":0.6083718538284302,"z":-0.21987734735012055,"w":0.7171837091445923},"size":1.1347193717956544,"orthographic":false}