{"cameraMode":{"drawMode":0,"name":"Shaded","section":"Shading Mode"},"sceneLighting":false,"audioPlay":false,"sceneViewState":{"showFog":false,"showMaterialUpdate":false,"showSkybox":false,"showFlares":false,"showImageEffects":false,"showParticleSystems":false},"in2DMode":false,"pivot":{"x":-0.09571728110313416,"y":-0.1339316964149475,"z":0.10887289047241211},"rotation":{"x":0.3964713513851166,"y":-0.3487766683101654,"z":0.16603751480579377,"w":0.83282470703125},"size":0.8633264899253845,"orthographic":false}