{"cameraMode":{"drawMode":0,"name":"Shaded","section":"Shading Mode"},"sceneLighting":false,"audioPlay":false,"sceneViewState":{"showFog":false,"showMaterialUpdate":false,"showSkybox":false,"showFlares":false,"showImageEffects":false,"showParticleSystems":false},"in2DMode":false,"pivot":{"x":0.03606364130973816,"y":0.2077859789133072,"z":-0.11901048570871353},"rotation":{"x":0.19177329540252686,"y":-0.8051164746284485,"z":0.35550379753112795,"w":0.4343125820159912},"size":1.800394892692566,"orthographic":false}