{"cameraMode":{"drawMode":0,"name":"Shaded","section":"Shading Mode"},"sceneLighting":false,"audioPlay":false,"sceneViewState":{"showFog":false,"showMaterialUpdate":false,"showSkybox":false,"showFlares":false,"showImageEffects":false,"showParticleSystems":false},"in2DMode":false,"pivot":{"x":0.000899195671081543,"y":0.11383068561553955,"z":0.0005811750888824463},"rotation":{"x":-0.06489095091819763,"y":-0.9299103617668152,"z":0.19996370375156403,"w":-0.30177876353263857},"size":0.6043895483016968,"orthographic":false}