{"cameraMode":{"drawMode":0,"name":"Shaded","section":"Shading Mode"},"sceneLighting":false,"audioPlay":false,"sceneViewState":{"showFog":false,"showMaterialUpdate":false,"showSkybox":false,"showFlares":false,"showImageEffects":false,"showParticleSystems":false},"in2DMode":false,"pivot":{"x":0.0752824991941452,"y":0.16188010573387147,"z":-2.9802322387695315e-8},"rotation":{"x":-0.0981433168053627,"y":-0.8995768427848816,"z":0.3327719569206238,"w":-0.2653152644634247},"size":1.05035400390625,"orthographic":false}