{"cameraMode":{"drawMode":0,"name":"Shaded","section":"Shading Mode"},"sceneLighting":false,"audioPlay":false,"sceneViewState":{"showFog":false,"showMaterialUpdate":false,"showSkybox":false,"showFlares":false,"showImageEffects":false,"showParticleSystems":false},"in2DMode":false,"pivot":{"x":-0.1546412855386734,"y":-0.08067989349365235,"z":-0.005802693776786327},"rotation":{"x":0.19177329540252686,"y":-0.8051165342330933,"z":0.3555038273334503,"w":0.4343125820159912},"size":1.1502420902252198,"orthographic":false}