{"cameraMode":{"drawMode":0,"name":"Shaded","section":"Shading Mode"},"sceneLighting":true,"audioPlay":false,"sceneViewState":{"showFog":false,"showMaterialUpdate":false,"showSkybox":false,"showFlares":false,"showImageEffects":false,"showParticleSystems":false},"in2DMode":false,"pivot":{"x":-0.201679989695549,"y":0.2200000137090683,"z":0.7459999918937683},"rotation":{"x":-0.08712403476238251,"y":-0.04123327136039734,"z":0.0036092489026486875,"w":-0.9953372478485107},"size":0.970003604888916,"orthographic":false}