{"cameraMode":{"drawMode":0,"name":"Shaded","section":"Shading Mode"},"sceneLighting":false,"audioPlay":false,"sceneViewState":{"showFog":false,"showMaterialUpdate":false,"showSkybox":false,"showFlares":false,"showImageEffects":false,"showParticleSystems":false},"in2DMode":false,"pivot":{"x":0.01739848032593727,"y":0.04910435527563095,"z":0.003839869052171707},"rotation":{"x":0.5461570024490356,"y":-0.009295396506786347,"z":0.006060770712792873,"w":0.8376092910766602},"size":1.2165833711624146,"orthographic":false}