{"cameraMode":{"drawMode":0,"name":"Shaded","section":"Shading Mode"},"sceneLighting":false,"audioPlay":false,"sceneViewState":{"showFog":false,"showMaterialUpdate":false,"showSkybox":false,"showFlares":false,"showImageEffects":false,"showParticleSystems":false},"in2DMode":false,"pivot":{"x":0.09171801805496216,"y":0.09346577525138855,"z":-0.15059733390808106},"rotation":{"x":0.07014257460832596,"y":0.9298457503318787,"z":-0.2531527280807495,"w":0.2576446533203125},"size":1.0439039468765259,"orthographic":false}