{"cameraMode":{"drawMode":0,"name":"Shaded","section":"Shading Mode"},"sceneLighting":false,"audioPlay":false,"sceneViewState":{"showFog":false,"showMaterialUpdate":false,"showSkybox":false,"showFlares":false,"showImageEffects":false,"showParticleSystems":false},"in2DMode":false,"pivot":{"x":-0.0344705805182457,"y":0.13858842849731446,"z":0.05070227384567261},"rotation":{"x":0.17271335422992707,"y":-0.8152375221252441,"z":0.3057500123977661,"w":0.4605158865451813},"size":0.5719608068466187,"orthographic":false}