{"cameraMode":{"drawMode":0,"name":"Shaded","section":"Shading Mode"},"sceneLighting":false,"audioPlay":false,"sceneViewState":{"showFog":false,"showMaterialUpdate":false,"showSkybox":false,"showFlares":false,"showImageEffects":false,"showParticleSystems":false},"in2DMode":false,"pivot":{"x":6.648860931396484,"y":0.446328341960907,"z":-3.951537847518921},"rotation":{"x":-0.08712403476238251,"y":-0.04123327136039734,"z":0.0036092489026486875,"w":-0.9953372478485107},"size":2.034766435623169,"orthographic":false}