{"cameraMode":{"drawMode":0,"name":"Shaded","section":"Shading Mode"},"sceneLighting":false,"audioPlay":false,"sceneViewState":{"showFog":false,"showMaterialUpdate":false,"showSkybox":false,"showFlares":false,"showImageEffects":false,"showParticleSystems":false},"in2DMode":false,"pivot":{"x":-0.19158673286437989,"y":0.2658274173736572,"z":-0.03710571676492691},"rotation":{"x":-0.038181107491254809,"y":0.6668083667755127,"z":-0.03424268215894699,"w":-0.7434623837471008},"size":3.160383462905884,"orthographic":false}