{"cameraMode":{"drawMode":0,"name":"Shaded","section":"Shading Mode"},"sceneLighting":false,"audioPlay":false,"sceneViewState":{"showFog":false,"showMaterialUpdate":false,"showSkybox":false,"showFlares":false,"showImageEffects":false,"showParticleSystems":false},"in2DMode":false,"pivot":{"x":0.5977966785430908,"y":-0.3150707185268402,"z":0.11802418529987335},"rotation":{"x":-0.23917998373508454,"y":-0.5892003774642944,"z":0.1882898211479187,"w":-0.7484536170959473},"size":1.8683884143829346,"orthographic":false}