{"cameraMode":{"drawMode":0,"name":"Shaded","section":"Shading Mode"},"sceneLighting":false,"audioPlay":false,"sceneViewState":{"showFog":false,"showMaterialUpdate":false,"showSkybox":false,"showFlares":false,"showImageEffects":false,"showParticleSystems":false},"in2DMode":false,"pivot":{"x":0.1320558786392212,"y":0.0953068733215332,"z":0.0012950748205184937},"rotation":{"x":-0.23917996883392335,"y":-0.5892003774642944,"z":0.1882898211479187,"w":-0.7484536170959473},"size":1.2476857900619507,"orthographic":false}