{"cameraMode":{"drawMode":0,"name":"Shaded","section":"Shading Mode"},"sceneLighting":false,"audioPlay":false,"sceneViewState":{"showFog":false,"showMaterialUpdate":false,"showSkybox":false,"showFlares":false,"showImageEffects":false,"showParticleSystems":false},"in2DMode":false,"pivot":{"x":0.000004649162292480469,"y":0.10096658021211624,"z":-0.07450415194034577},"rotation":{"x":0.05108990520238876,"y":-0.9475805759429932,"z":0.2473229467868805,"w":0.1957351416349411},"size":0.8435108065605164,"orthographic":false}