{"cameraMode":{"drawMode":0,"name":"Shaded","section":"Shading Mode"},"sceneLighting":false,"audioPlay":false,"sceneViewState":{"showFog":false,"showMaterialUpdate":false,"showSkybox":false,"showFlares":false,"showImageEffects":false,"showParticleSystems":false},"in2DMode":false,"pivot":{"x":0.27160000801086428,"y":0.19670000672340394,"z":0.4090000092983246},"rotation":{"x":0.061125658452510837,"y":-0.02934366650879383,"z":-0.001797839649952948,"w":-0.997697114944458},"size":0.43966057896614077,"orthographic":false}