{"cameraMode":{"drawMode":0,"name":"Shaded","section":"Shading Mode"},"sceneLighting":false,"audioPlay":false,"sceneViewState":{"showFog":false,"showMaterialUpdate":false,"showSkybox":false,"showFlares":false,"showImageEffects":false,"showParticleSystems":false},"in2DMode":false,"pivot":{"x":-0.04846927523612976,"y":-0.09317648410797119,"z":-0.004356563091278076},"rotation":{"x":0.08948245644569397,"y":-0.8323134183883667,"z":0.5285773873329163,"w":0.1409021019935608},"size":1.1267608404159547,"orthographic":false}