{"cameraMode":{"drawMode":0,"name":"Shaded","section":"Shading Mode"},"sceneLighting":false,"audioPlay":false,"sceneViewState":{"showFog":false,"showMaterialUpdate":false,"showSkybox":false,"showFlares":false,"showImageEffects":false,"showParticleSystems":false},"in2DMode":false,"pivot":{"x":0.05013209581375122,"y":-0.03211933374404907,"z":-0.0018947124481201172},"rotation":{"x":-0.14451833069324494,"y":-0.8528894782066345,"z":0.31695660948753359,"w":-0.38888636231422427},"size":0.7102252244949341,"orthographic":false}