{"cameraMode":{"drawMode":0,"name":"Shaded","section":"Shading Mode"},"sceneLighting":false,"audioPlay":false,"sceneViewState":{"showFog":false,"showMaterialUpdate":false,"showSkybox":false,"showFlares":false,"showImageEffects":false,"showParticleSystems":false},"in2DMode":false,"pivot":{"x":-0.017694294452667238,"y":0.030844509601593019,"z":-0.10122495889663696},"rotation":{"x":-0.1610364019870758,"y":0.8384854793548584,"z":-0.3523435890674591,"w":-0.38322752714157107},"size":1.0944194793701172,"orthographic":false}