{"cameraMode":{"drawMode":0,"name":"Shaded","section":"Shading Mode"},"sceneLighting":false,"audioPlay":false,"sceneViewState":{"showFog":false,"showMaterialUpdate":false,"showSkybox":false,"showFlares":false,"showImageEffects":false,"showParticleSystems":false},"in2DMode":false,"pivot":{"x":-0.11464891582727432,"y":0.20141351222991944,"z":-0.00439453125},"rotation":{"x":-0.19177329540252686,"y":0.8051165342330933,"z":-0.3555038273334503,"w":-0.4343125820159912},"size":0.9928557276725769,"orthographic":false}