{"cameraMode":{"drawMode":0,"name":"Shaded","section":"Shading Mode"},"sceneLighting":false,"audioPlay":false,"sceneViewState":{"showFog":false,"showMaterialUpdate":false,"showSkybox":false,"showFlares":false,"showImageEffects":false,"showParticleSystems":false},"in2DMode":false,"pivot":{"x":0.08302353322505951,"y":-0.11967244744300842,"z":-0.11584828794002533},"rotation":{"x":0.18396954238414765,"y":0.8156247138977051,"z":-0.4018768072128296,"w":0.3733718693256378},"size":0.6019105315208435,"orthographic":false}