{"cameraMode":{"drawMode":0,"name":"Shaded","section":"Shading Mode"},"sceneLighting":false,"audioPlay":false,"sceneViewState":{"showFog":false,"showMaterialUpdate":false,"showSkybox":false,"showFlares":false,"showImageEffects":false,"showParticleSystems":false},"in2DMode":false,"pivot":{"x":-0.03315174579620361,"y":0.020276963710784913,"z":-0.004053652286529541},"rotation":{"x":-0.17336952686309815,"y":-0.770714521408081,"z":0.23613911867141725,"w":-0.5658448934555054},"size":0.7212045788764954,"orthographic":false}