{"cameraMode":{"drawMode":0,"name":"Shaded","section":"Shading Mode"},"sceneLighting":false,"audioPlay":false,"sceneViewState":{"showFog":false,"showMaterialUpdate":false,"showSkybox":false,"showFlares":false,"showImageEffects":false,"showParticleSystems":false},"in2DMode":false,"pivot":{"x":-0.075797438621521,"y":-0.14283564686775208,"z":0.0213623046875},"rotation":{"x":-0.2769339680671692,"y":0.7067493796348572,"z":-0.36150580644607546,"w":-0.5414115786552429},"size":0.7164408564567566,"orthographic":false}