{"cameraMode":{"drawMode":0,"name":"Shaded","section":"Shading Mode"},"sceneLighting":false,"audioPlay":false,"sceneViewState":{"showFog":false,"showMaterialUpdate":false,"showSkybox":false,"showFlares":false,"showImageEffects":false,"showParticleSystems":false},"in2DMode":false,"pivot":{"x":-0.001175418496131897,"y":0.0889870673418045,"z":0.013787373900413514},"rotation":{"x":-0.12891091406345368,"y":0.024389253929257394,"z":-0.0031715312507003547,"w":-0.9913511872291565},"size":2.5388078689575197,"orthographic":false}