{"cameraMode":{"drawMode":0,"name":"Shaded","section":"Shading Mode"},"sceneLighting":false,"audioPlay":false,"sceneViewState":{"showFog":false,"showMaterialUpdate":false,"showSkybox":false,"showFlares":false,"showImageEffects":false,"showParticleSystems":false},"in2DMode":false,"pivot":{"x":-0.021880358457565309,"y":0.14160209894180299,"z":0.08689343929290772},"rotation":{"x":-0.028891760855913163,"y":-0.8878267407417297,"z":0.45580926537513735,"w":-0.05627480521798134},"size":0.7501114010810852,"orthographic":false}