{"cameraMode":{"drawMode":0,"name":"Shaded","section":"Shading Mode"},"sceneLighting":false,"audioPlay":false,"sceneViewState":{"showFog":false,"showMaterialUpdate":false,"showSkybox":false,"showFlares":false,"showImageEffects":false,"showParticleSystems":false},"in2DMode":false,"pivot":{"x":-0.05439803749322891,"y":-0.004827866330742836,"z":-0.11767255514860153},"rotation":{"x":-0.23775401711463929,"y":0.6850923299789429,"z":-0.2545987069606781,"w":-0.6397663354873657},"size":1.0388081073760987,"orthographic":false}