{"cameraMode":{"drawMode":0,"name":"Shaded","section":"Shading Mode"},"sceneLighting":false,"audioPlay":false,"sceneViewState":{"showFog":false,"showMaterialUpdate":false,"showSkybox":false,"showFlares":false,"showImageEffects":false,"showParticleSystems":false},"in2DMode":false,"pivot":{"x":-5.960464477539063e-8,"y":0.10641124844551087,"z":0.0},"rotation":{"x":-0.0034633674658834936,"y":-0.967870831489563,"z":0.25106921792030337,"w":-0.01335926353931427},"size":0.8914543986320496,"orthographic":false}