{"cameraMode":{"drawMode":0,"name":"Shaded","section":"Shading Mode"},"sceneLighting":false,"audioPlay":false,"sceneViewState":{"showFog":false,"showMaterialUpdate":false,"showSkybox":false,"showFlares":false,"showImageEffects":false,"showParticleSystems":false},"in2DMode":false,"pivot":{"x":-0.005139470100402832,"y":0.0007380247116088867,"z":0.08559605479240418},"rotation":{"x":-0.20411483943462373,"y":-0.7881464958190918,"z":0.3437800109386444,"w":-0.4679504632949829},"size":0.9476857781410217,"orthographic":false}