{"cameraMode":{"drawMode":0,"name":"Shaded","section":"Shading Mode"},"sceneLighting":false,"audioPlay":false,"sceneViewState":{"showFog":false,"showMaterialUpdate":false,"showSkybox":false,"showFlares":false,"showImageEffects":false,"showParticleSystems":false},"in2DMode":false,"pivot":{"x":-0.0999298095703125,"y":0.06299107521772385,"z":-0.004257719032466412},"rotation":{"x":0.11870484799146652,"y":-0.8803101778030396,"z":0.30183252692222597,"w":0.34620851278305056},"size":1.1414750814437867,"orthographic":false}