{"cameraMode":{"drawMode":0,"name":"Shaded","section":"Shading Mode"},"sceneLighting":false,"audioPlay":false,"sceneViewState":{"showFog":false,"showMaterialUpdate":false,"showSkybox":false,"showFlares":false,"showImageEffects":false,"showParticleSystems":false},"in2DMode":false,"pivot":{"x":-0.11747731268405914,"y":0.031893856823444369,"z":0.004045506939291954},"rotation":{"x":-0.04948200657963753,"y":0.928733766078949,"z":-0.34197327494621279,"w":-0.13438497483730317},"size":1.1787077188491822,"orthographic":false}