{"cameraMode":{"drawMode":0,"name":"Shaded","section":"Shading Mode"},"sceneLighting":false,"audioPlay":false,"sceneViewState":{"showFog":false,"showMaterialUpdate":false,"showSkybox":false,"showFlares":false,"showImageEffects":false,"showParticleSystems":false},"in2DMode":false,"pivot":{"x":-0.09075307846069336,"y":0.27743178606033327,"z":-0.048736169934272769},"rotation":{"x":0.2592010796070099,"y":0.6083718538284302,"z":-0.21987736225128175,"w":0.7171837091445923},"size":1.1633481979370118,"orthographic":false}