{"cameraMode":{"drawMode":0,"name":"Shaded","section":"Shading Mode"},"sceneLighting":false,"audioPlay":false,"sceneViewState":{"showFog":false,"showMaterialUpdate":false,"showSkybox":false,"showFlares":false,"showImageEffects":false,"showParticleSystems":false},"in2DMode":false,"pivot":{"x":-0.0412479043006897,"y":0.17442023754119874,"z":0.08948962390422821},"rotation":{"x":-0.34145861864089968,"y":-0.6309415698051453,"z":0.3619314432144165,"w":-0.5952516198158264},"size":0.8507166504859924,"orthographic":false}