{"cameraMode":{"drawMode":0,"name":"Shaded","section":"Shading Mode"},"sceneLighting":false,"audioPlay":false,"sceneViewState":{"showFog":false,"showMaterialUpdate":false,"showSkybox":false,"showFlares":false,"showImageEffects":false,"showParticleSystems":false},"in2DMode":false,"pivot":{"x":0.36020004749298098,"y":0.20665022730827332,"z":0.409000039100647},"rotation":{"x":-0.007726050913333893,"y":-0.14587603509426118,"z":0.0011392406886443496,"w":-0.9892721176147461},"size":0.41667258739471438,"orthographic":false}