{"cameraMode":{"drawMode":0,"name":"Shaded","section":"Shading Mode"},"sceneLighting":false,"audioPlay":false,"sceneViewState":{"showFog":false,"showMaterialUpdate":false,"showSkybox":false,"showFlares":false,"showImageEffects":false,"showParticleSystems":false},"in2DMode":false,"pivot":{"x":-0.3161250948905945,"y":-0.0821835994720459,"z":-0.1944521963596344},"rotation":{"x":-0.1511290818452835,"y":0.8481895327568054,"z":-0.34006696939468386,"w":-0.3769470453262329},"size":1.3240835666656495,"orthographic":false}