{"cameraMode":{"drawMode":0,"name":"Shaded","section":"Shading Mode"},"sceneLighting":false,"audioPlay":false,"sceneViewState":{"showFog":false,"showMaterialUpdate":false,"showSkybox":false,"showFlares":false,"showImageEffects":false,"showParticleSystems":false},"in2DMode":false,"pivot":{"x":-0.10628427565097809,"y":0.07660244405269623,"z":-0.0014146646717563272},"rotation":{"x":0.14089912176132203,"y":-0.8570605516433716,"z":0.31704404950141909,"w":0.3808909058570862},"size":1.144281268119812,"orthographic":false}