{"cameraMode":{"drawMode":0,"name":"Shaded","section":"Shading Mode"},"sceneLighting":false,"audioPlay":false,"sceneViewState":{"showFog":false,"showMaterialUpdate":false,"showSkybox":false,"showFlares":false,"showImageEffects":false,"showParticleSystems":false},"in2DMode":false,"pivot":{"x":-0.06928518414497376,"y":0.05287560820579529,"z":-0.04882589355111122},"rotation":{"x":-0.1511290818452835,"y":0.8481895327568054,"z":-0.34006696939468386,"w":-0.3769470453262329},"size":1.1242799758911133,"orthographic":false}