{"cameraMode":{"drawMode":0,"name":"Shaded","section":"Shading Mode"},"sceneLighting":false,"audioPlay":false,"sceneViewState":{"showFog":false,"showMaterialUpdate":false,"showSkybox":false,"showFlares":false,"showImageEffects":false,"showParticleSystems":false},"in2DMode":false,"pivot":{"x":-0.04020463302731514,"y":0.04773106053471565,"z":0.0011273634154349566},"rotation":{"x":-0.18396954238414765,"y":-0.8156247735023499,"z":0.4018768072128296,"w":-0.3733718991279602},"size":0.8772434592247009,"orthographic":false}